Ghi,Ghi90,Ghi10,Ebh,Dni,Dni10,Dni90,Dhi,air_temp,Zenith,Azimuth,cloud_opacity,period_end,Period
294,374,141,82,167,56,475,211,5,60,-117,40,2021-04-12T08:30:00Z,PT30M
184,558,25,4,8,64,860,180,6,56,-125,67,2021-04-12T09:00:00Z,PT30M
339,561,133,44,73,3,636,295,6,52,-133,46,2021-04-12T09:30:00Z,PT30M
561,677,68,317,487,1,887,244,8,49,-141,17,2021-04-12T10:00:00Z,PT30M
644,718,190,448,662,9,913,196,8,47,-151,10,2021-04-12T10:30:00Z,PT30M
493,749,144,172,248,3,922,321,8,45,-161,34,2021-04-12T11:00:00Z,PT30M
441,768,131,59,82,1,925,382,8,44,-171,42,2021-04-12T11:30:00Z,PT30M
518,774,197,129,177,3,915,388,8,43,178,32,2021-04-12T12:00:00Z,PT30M
558,765,233,198,275,5,927,359,8,44,167,26,2021-04-12T12:30:00Z,PT30M
565,744,236,231,327,6,913,333,8,45,157,23,2021-04-12T13:00:00Z,PT30M
545,711,217,241,362,5,912,302,8,48,147,23,2021-04-12T13:30:00Z,PT30M
502,667,184,193,301,4,892,308,8,50,138,25,2021-04-12T14:00:00Z,PT30M
448,611,144,161,273,2,880,287,8,54,130,26,2021-04-12T14:30:00Z,PT30M
388,545,108,124,235,2,856,264,8,58,122,28,2021-04-12T15:00:00Z,PT30M
331,472,81,98,208,2,824,232,6,62,115,29,2021-04-12T15:30:00Z,PT30M
275,393,60,77,189,0,779,198,6,66,108,29,2021-04-12T16:00:00Z,PT30M
220,310,46,57,169,0,687,162,6,70,102,28,2021-04-12T16:30:00Z,PT30M
164,224,37,46,177,0,629,119,6,75,95,26,2021-04-12T17:00:00Z,PT30M
107,140,26,32,184,0,519,75,5,80,90,23,2021-04-12T17:30:00Z,PT30M
51,64,14,11,71,0,152,39,4,84,84,17,2021-04-12T18:00:00Z,PT30M
5,6,2,1,5,0,11,4,4,89,78,13,2021-04-12T18:30:00Z,PT30M
0,0,0,0,0,0,0,0,4,94,72,9,2021-04-12T19:00:00Z,PT30M
0,0,0,0,0,0,0,0,4,98,66,8,2021-04-12T19:30:00Z,PT30M
0,0,0,0,0,0,0,0,2,102,60,6,2021-04-12T20:00:00Z,PT30M
0,0,0,0,0,0,0,0,2,106,53,6,2021-04-12T20:30:00Z,PT30M
0,0,0,0,0,0,0,0,2,109,46,5,2021-04-12T21:00:00Z,PT30M
0,0,0,0,0,0,0,0,2,113,39,4,2021-04-12T21:30:00Z,PT30M
0,0,0,0,0,0,0,0,2,115,32,4,2021-04-12T22:00:00Z,PT30M
0,0,0,0,0,0,0,0,2,117,24,2,2021-04-12T22:30:00Z,PT30M
0,0,0,0,0,0,0,0,2,119,15,1,2021-04-12T23:00:00Z,PT30M
0,0,0,0,0,0,0,0,2,120,7,0,2021-04-12T23:30:00Z,PT30M
0,0,0,0,0,0,0,0,2,120,-2,0,2021-04-13,PT30M
0,0,0,0,0,0,0,0,1,120,-10,0,2021-04-13T00:30:00Z,PT30M
0,0,0,0,0,0,0,0,1,118,-19,0,2021-04-13T01:00:00Z,PT30M
0,0,0,0,0,0,0,0,1,117,-27,0,2021-04-13T01:30:00Z,PT30M
0,0,0,0,0,0,0,0,1,114,-35,0,2021-04-13T02:00:00Z,PT30M
0,0,0,0,0,0,0,0,1,111,-42,0,2021-04-13T02:30:00Z,PT30M
0,0,0,0,0,0,0,0,1,108,-49,0,2021-04-13T03:00:00Z,PT30M
0,0,0,0,0,0,0,0,1,104,-56,0,2021-04-13T03:30:00Z,PT30M
0,0,0,0,0,0,0,0,1,100,-62,0,2021-04-13T04:00:00Z,PT30M
0,0,0,0,0,0,0,0,1,96,-68,0,2021-04-13T04:30:00Z,PT30M
0,0,0,0,0,0,0,0,1,92,-74,0,2021-04-13T05:00:00Z,PT30M
27,27,17,8,46,5,46,19,1,87,-80,0,2021-04-13T05:30:00Z,PT30M
95,95,58,42,247,35,247,53,2,82,-86,0,2021-04-13T06:00:00Z,PT30M
173,175,108,113,543,67,547,60,2,78,-92,0,2021-04-13T06:30:00Z,PT30M
257,260,162,177,608,78,632,78,4,73,-98,1,2021-04-13T07:00:00Z,PT30M
337,345,213,249,698,95,730,86,4,69,-104,2,2021-04-13T07:30:00Z,PT30M
412,427,262,300,687,88,777,110,5,64,-110,4,2021-04-13T08:00:00Z,PT30M
478,504,308,357,715,95,818,120,5,60,-117,4,2021-04-13T08:30:00Z,PT30M
537,575,345,401,719,92,846,136,6,56,-125,5,2021-04-13T09:00:00Z,PT30M
588,636,378,419,682,92,868,168,6,52,-133,8,2021-04-13T09:30:00Z,PT30M
627,688,403,445,679,88,886,182,8,49,-141,8,2021-04-13T10:00:00Z,PT30M
652,728,417,448,645,72,896,204,8,46,-151,9,2021-04-13T10:30:00Z,PT30M
665,757,420,433,603,68,905,231,8,44,-161,11,2021-04-13T11:00:00Z,PT30M
664,774,412,408,558,53,907,256,8,43,-171,13,2021-04-13T11:30:00Z,PT30M
649,776,393,375,514,44,907,273,9,43,178,16,2021-04-13T12:00:00Z,PT30M
626,767,366,327,455,33,904,299,9,44,167,18,2021-04-13T12:30:00Z,PT30M
592,745,333,279,394,25,895,313,9,45,157,21,2021-04-13T13:00:00Z,PT30M
552,711,299,247,362,18,883,305,9,47,147,22,2021-04-13T13:30:00Z,PT30M
506,665,260,204,318,13,867,301,9,50,138,23,2021-04-13T14:00:00Z,PT30M
453,608,220,168,281,9,844,285,9,53,129,25,2021-04-13T14:30:00Z,PT30M
396,544,179,133,243,6,813,264,9,57,121,26,2021-04-13T15:00:00Z,PT30M
332,468,139,95,198,5,773,236,9,61,114,28,2021-04-13T15:30:00Z,PT30M
268,388,100,68,169,4,719,198,9,66,108,30,2021-04-13T16:00:00Z,PT30M
204,304,68,42,122,2,648,162,8,70,101,33,2021-04-13T16:30:00Z,PT30M
143,218,42,26,103,4,551,116,8,75,95,34,2021-04-13T17:00:00Z,PT30M
86,135,23,13,81,0,419,72,8,80,89,35,2021-04-13T17:30:00Z,PT30M
39,60,9,4,23,0,128,35,6,84,83,35,2021-04-13T18:00:00Z,PT30M
4,8,1,1,5,0,17,4,5,89,78,34,2021-04-13T18:30:00Z,PT30M
0,0,0,0,0,0,0,0,4,93,72,32,2021-04-13T19:00:00Z,PT30M
0,0,0,0,0,0,0,0,4,98,66,27,2021-04-13T19:30:00Z,PT30M
0,0,0,0,0,0,0,0,4,102,59,23,2021-04-13T20:00:00Z,PT30M
0,0,0,0,0,0,0,0,4,106,53,19,2021-04-13T20:30:00Z,PT30M
0,0,0,0,0,0,0,0,4,109,46,16,2021-04-13T21:00:00Z,PT30M
0,0,0,0,0,0,0,0,2,112,39,13,2021-04-13T21:30:00Z,PT30M
0,0,0,0,0,0,0,0,2,115,31,11,2021-04-13T22:00:00Z,PT30M
0,0,0,0,0,0,0,0,2,117,23,11,2021-04-13T22:30:00Z,PT30M
0,0,0,0,0,0,0,0,2,119,15,11,2021-04-13T23:00:00Z,PT30M
0,0,0,0,0,0,0,0,2,120,7,9,2021-04-13T23:30:00Z,PT30M
0,0,0,0,0,0,0,0,2,120,-2,9,2021-04-14,PT30M
0,0,0,0,0,0,0,0,2,119,-10,8,2021-04-14T00:30:00Z,PT30M
0,0,0,0,0,0,0,0,2,118,-19,8,2021-04-14T01:00:00Z,PT30M
0,0,0,0,0,0,0,0,2,116,-27,8,2021-04-14T01:30:00Z,PT30M
0,0,0,0,0,0,0,0,1,114,-34,8,2021-04-14T02:00:00Z,PT30M
0,0,0,0,0,0,0,0,1,111,-42,9,2021-04-14T02:30:00Z,PT30M
0,0,0,0,0,0,0,0,1,108,-49,11,2021-04-14T03:00:00Z,PT30M
0,0,0,0,0,0,0,0,1,104,-56,11,2021-04-14T03:30:00Z,PT30M
0,0,0,0,0,0,0,0,1,100,-62,11,2021-04-14T04:00:00Z,PT30M
0,0,0,0,0,0,0,0,1,96,-68,13,2021-04-14T04:30:00Z,PT30M
0,0,0,0,0,0,0,0,1,91,-74,14,2021-04-14T05:00:00Z,PT30M
23,26,8,2,17,0,40,19,2,87,-80,16,2021-04-14T05:30:00Z,PT30M
72,88,26,14,88,5,193,57,2,82,-86,17,2021-04-14T06:00:00Z,PT30M
134,164,50,34,150,4,369,100,2,77,-92,18,2021-04-14T06:30:00Z,PT30M
200,249,72,66,226,2,537,134,4,73,-98,19,2021-04-14T07:00:00Z,PT30M
260,333,93,84,223,2,618,177,4,68,-104,22,2021-04-14T07:30:00Z,PT30M
318,415,113,110,253,4,679,207,5,64,-110,23,2021-04-14T08:00:00Z,PT30M
370,492,132,116,226,4,724,254,5,59,-117,25,2021-04-14T08:30:00Z,PT30M
417,562,149,130,227,2,760,287,6,55,-124,25,2021-04-14T09:00:00Z,PT30M
459,624,168,154,249,2,787,305,8,52,-132,25,2021-04-14T09:30:00Z,PT30M
495,676,184,162,247,2,807,332,8,49,-141,26,2021-04-14T10:00:00Z,PT30M
515,717,191,158,228,2,820,355,8,46,-151,27,2021-04-14T10:30:00Z,PT30M
513,745,183,135,187,2,830,378,8,44,-161,30,2021-04-14T11:00:00Z,PT30M
485,762,156,95,129,1,835,390,8,43,-171,35,2021-04-14T11:30:00Z,PT30M
441,764,116,57,78,1,835,383,8,43,178,42,2021-04-14T12:00:00Z,PT30M
392,708,77,34,46,0,710,358,8,43,167,47,2021-04-14T12:30:00Z,PT30M
347,648,46,21,29,0,594,327,8,45,156,53,2021-04-14T13:00:00Z,PT30M
314,595,35,17,25,0,506,297,8,47,146,55,2021-04-14T13:30:00Z,PT30M
289,549,33,14,23,0,462,275,8,50,137,55,2021-04-14T14:00:00Z,PT30M
268,500,35,13,23,0,437,254,8,53,129,55,2021-04-14T14:30:00Z,PT30M
241,446,37,12,23,0,427,228,8,57,121,55,2021-04-14T15:00:00Z,PT30M
211,385,37,11,25,0,382,198,8,61,114,55,2021-04-14T15:30:00Z,PT30M
176,318,33,9,23,0,337,165,8,65,107,55,2021-04-14T16:00:00Z,PT30M
139,251,27,8,23,0,318,130,8,70,101,55,2021-04-14T16:30:00Z,PT30M
102,182,22,5,23,0,285,95,8,75,95,53,2021-04-14T17:00:00Z,PT30M
66,115,16,4,21,0,193,61,6,79,89,53,2021-04-14T17:30:00Z,PT30M
32,55,8,2,11,0,81,29,6,84,83,51,2021-04-14T18:00:00Z,PT30M
5,9,2,0,0,0,11,5,5,89,77,47,2021-04-14T18:30:00Z,PT30M
0,0,0,0,0,0,0,0,4,93,71,44,2021-04-14T19:00:00Z,PT30M
0,0,0,0,0,0,0,0,4,97,65,37,2021-04-14T19:30:00Z,PT30M
0,0,0,0,0,0,0,0,5,101,59,32,2021-04-14T20:00:00Z,PT30M
0,0,0,0,0,0,0,0,4,105,53,25,2021-04-14T20:30:00Z,PT30M
0,0,0,0,0,0,0,0,4,109,46,21,2021-04-14T21:00:00Z,PT30M
0,0,0,0,0,0,0,0,4,112,39,17,2021-04-14T21:30:00Z,PT30M
0,0,0,0,0,0,0,0,4,115,31,12,2021-04-14T22:00:00Z,PT30M
0,0,0,0,0,0,0,0,2,117,23,11,2021-04-14T22:30:00Z,PT30M
0,0,0,0,0,0,0,0,2,118,15,8,2021-04-14T23:00:00Z,PT30M
0,0,0,0,0,0,0,0,2,119,7,6,2021-04-14T23:30:00Z,PT30M
0,0,0,0,0,0,0,0,2,119,-2,4,2021-04-15,PT30M
0,0,0,0,0,0,0,0,2,119,-10,4,2021-04-15T00:30:00Z,PT30M
0,0,0,0,0,0,0,0,2,118,-19,2,2021-04-15T01:00:00Z,PT30M
0,0,0,0,0,0,0,0,1,116,-27,2,2021-04-15T01:30:00Z,PT30M
0,0,0,0,0,0,0,0,1,113,-34,2,2021-04-15T02:00:00Z,PT30M
0,0,0,0,0,0,0,0,1,111,-42,2,2021-04-15T02:30:00Z,PT30M
0,0,0,0,0,0,0,0,1,107,-49,4,2021-04-15T03:00:00Z,PT30M
0,0,0,0,0,0,0,0,0,104,-55,4,2021-04-15T03:30:00Z,PT30M
0,0,0,0,0,0,0,0,0,100,-62,6,2021-04-15T04:00:00Z,PT30M
0,0,0,0,0,0,0,0,0,95,-68,8,2021-04-15T04:30:00Z,PT30M
0,0,0,0,0,0,0,0,0,91,-74,9,2021-04-15T05:00:00Z,PT30M
28,33,11,4,23,0,40,25,1,86,-80,11,2021-04-15T05:30:00Z,PT30M
85,99,29,25,152,5,275,59,1,82,-86,12,2021-04-15T06:00:00Z,PT30M
151,177,51,53,235,4,457,99,2,77,-91,14,2021-04-15T06:30:00Z,PT30M
221,264,74,85,278,2,562,136,2,72,-97,16,2021-04-15T07:00:00Z,PT30M
288,349,95,128,341,2,678,161,4,68,-104,17,2021-04-15T07:30:00Z,PT30M
350,431,114,145,322,4,726,204,4,63,-110,18,2021-04-15T08:00:00Z,PT30M
404,508,132,173,337,4,777,231,5,59,-117,19,2021-04-15T08:30:00Z,PT30M
447,577,143,181,315,2,809,266,6,55,-124,22,2021-04-15T09:00:00Z,PT30M
478,637,149,168,266,2,827,310,6,51,-132,25,2021-04-15T09:30:00Z,PT30M
495,687,148,151,226,1,840,343,8,48,-141,27,2021-04-15T10:00:00Z,PT30M
502,728,141,135,193,1,849,366,8,46,-151,30,2021-04-15T10:30:00Z,PT30M
494,754,128,103,144,1,852,389,8,44,-161,35,2021-04-15T11:00:00Z,PT30M
478,770,110,81,108,1,851,396,8,42,-171,37,2021-04-15T11:30:00Z,PT30M
453,771,89,62,84,0,848,390,8,42,178,40,2021-04-15T12:00:00Z,PT30M
425,762,68,49,67,0,840,376,8,43,167,44,2021-04-15T12:30:00Z,PT30M
396,738,50,39,53,0,828,356,9,44,156,46,2021-04-15T13:00:00Z,PT30M
365,695,35,32,46,0,813,332,9,47,146,47,2021-04-15T13:30:00Z,PT30M
331,641,33,26,40,0,779,304,9,49,137,49,2021-04-15T14:00:00Z,PT30M
296,580,29,21,35,0,753,275,9,53,129,51,2021-04-15T14:30:00Z,PT30M
254,510,26,17,30,0,708,238,8,57,121,51,2021-04-15T15:00:00Z,PT30M
212,434,23,11,25,0,622,200,8,61,114,53,2021-04-15T15:30:00Z,PT30M
166,354,18,8,21,0,528,157,8,65,107,55,2021-04-15T16:00:00Z,PT30M
125,275,14,5,17,0,473,119,8,70,101,57,2021-04-15T16:30:00Z,PT30M
88,196,11,4,14,0,329,84,8,74,95,58,2021-04-15T17:00:00Z,PT30M
55,122,6,2,9,0,257,53,8,79,89,58,2021-04-15T17:30:00Z,PT30M
26,58,2,1,5,0,111,25,8,84,83,57,2021-04-15T18:00:00Z,PT30M
4,11,1,0,0,0,17,4,6,88,77,55,2021-04-15T18:30:00Z,PT30M
0,0,0,0,0,0,0,0,6,93,71,53,2021-04-15T19:00:00Z,PT30M
0,0,0,0,0,0,0,0,5,97,65,51,2021-04-15T19:30:00Z,PT30M
0,0,0,0,0,0,0,0,5,101,59,50,2021-04-15T20:00:00Z,PT30M
0,0,0,0,0,0,0,0,5,105,52,49,2021-04-15T20:30:00Z,PT30M
0,0,0,0,0,0,0,0,5,109,46,46,2021-04-15T21:00:00Z,PT30M
0,0,0,0,0,0,0,0,4,112,38,46,2021-04-15T21:30:00Z,PT30M
0,0,0,0,0,0,0,0,4,114,31,44,2021-04-15T22:00:00Z,PT30M
0,0,0,0,0,0,0,0,4,116,23,42,2021-04-15T22:30:00Z,PT30M
0,0,0,0,0,0,0,0,4,118,15,40,2021-04-15T23:00:00Z,PT30M
0,0,0,0,0,0,0,0,4,119,7,39,2021-04-15T23:30:00Z,PT30M
0,0,0,0,0,0,0,0,4,119,-2,35,2021-04-16,PT30M
0,0,0,0,0,0,0,0,4,118,-10,34,2021-04-16T00:30:00Z,PT30M
0,0,0,0,0,0,0,0,4,117,-19,32,2021-04-16T01:00:00Z,PT30M
0,0,0,0,0,0,0,0,2,116,-27,29,2021-04-16T01:30:00Z,PT30M
0,0,0,0,0,0,0,0,2,113,-34,33,2021-04-16T02:00:00Z,PT30M
0,0,0,0,0,0,0,0,2,110,-42,34,2021-04-16T02:30:00Z,PT30M
0,0,0,0,0,0,0,0,2,107,-49,35,2021-04-16T03:00:00Z,PT30M
0,0,0,0,0,0,0,0,2,103,-55,35,2021-04-16T03:30:00Z,PT30M
0,0,0,0,0,0,0,0,2,99,-62,35,2021-04-16T04:00:00Z,PT30M
0,0,0,0,0,0,0,0,2,95,-68,35,2021-04-16T04:30:00Z,PT30M
0,0,0,0,0,0,0,0,2,91,-74,34,2021-04-16T05:00:00Z,PT30M
23,35,4,2,11,0,53,22,2,86,-80,33,2021-04-16T05:30:00Z,PT30M
71,103,14,8,53,0,247,61,2,81,-85,30,2021-04-16T06:00:00Z,PT30M
127,182,27,23,102,0,489,103,4,77,-91,29,2021-04-16T06:30:00Z,PT30M
190,266,42,40,133,0,579,148,4,72,-97,28,2021-04-16T07:00:00Z,PT30M
253,350,55,67,178,0,683,185,4,68,-103,27,2021-04-16T07:30:00Z,PT30M
314,432,68,89,198,0,736,224,5,63,-110,26,2021-04-16T08:00:00Z,PT30M
371,508,77,113,218,0,781,259,5,59,-117,26,2021-04-16T08:30:00Z,PT30M
422,577,82,133,231,0,813,289,6,55,-124,26,2021-04-16T09:00:00Z,PT30M
465,638,84,148,234,0,838,317,8,51,-132,26,2021-04-16T09:30:00Z,PT30M
499,689,84,154,229,0,855,345,8,48,-141,27,2021-04-16T10:00:00Z,PT30M
523,730,78,161,227,0,867,362,8,45,-150,27,2021-04-16T10:30:00Z,PT30M
537,758,71,157,215,0,877,378,9,43,-161,28,2021-04-16T11:00:00Z,PT30M
540,775,59,151,204,0,881,387,9,42,-171,29,2021-04-16T11:30:00Z,PT30M
532,777,46,135,182,0,882,396,11,42,177,32,2021-04-16T12:00:00Z,PT30M
513,767,37,123,169,0,880,388,11,43,166,33,2021-04-16T12:30:00Z,PT30M
484,745,37,102,142,0,873,382,11,44,156,35,2021-04-16T13:00:00Z,PT30M
448,710,35,82,119,0,861,366,11,46,146,37,2021-04-16T13:30:00Z,PT30M
408,665,33,66,100,0,844,341,11,49,137,39,2021-04-16T14:00:00Z,PT30M
362,609,30,53,88,0,824,308,11,53,128,40,2021-04-16T14:30:00Z,PT30M
313,545,26,37,68,0,789,275,11,56,121,42,2021-04-16T15:00:00Z,PT30M
264,472,23,30,64,0,758,232,11,61,113,44,2021-04-16T15:30:00Z,PT30M
214,393,19,23,53,0,710,191,11,65,107,44,2021-04-16T16:00:00Z,PT30M
168,312,16,17,50,0,646,150,11,70,100,46,2021-04-16T16:30:00Z,PT30M
120,226,11,9,35,0,547,110,11,74,94,46,2021-04-16T17:00:00Z,PT30M
78,144,6,6,37,0,443,71,9,79,88,46,2021-04-16T17:30:00Z,PT30M
37,71,4,2,17,0,152,35,9,83,83,46,2021-04-16T18:00:00Z,PT30M
8,14,1,1,5,0,28,6,9,88,77,44,2021-04-16T18:30:00Z,PT30M
0,0,0,0,0,0,0,0,8,93,71,42,2021-04-16T19:00:00Z,PT30M
0,0,0,0,0,0,0,0,8,97,65,42,2021-04-16T19:30:00Z,PT30M
0,0,0,0,0,0,0,0,8,101,59,39,2021-04-16T20:00:00Z,PT30M
0,0,0,0,0,0,0,0,8,105,52,37,2021-04-16T20:30:00Z,PT30M
0,0,0,0,0,0,0,0,8,108,45,35,2021-04-16T21:00:00Z,PT30M
0,0,0,0,0,0,0,0,8,111,38,34,2021-04-16T21:30:00Z,PT30M
0,0,0,0,0,0,0,0,6,114,31,32,2021-04-16T22:00:00Z,PT30M
0,0,0,0,0,0,0,0,6,116,23,28,2021-04-16T22:30:00Z,PT30M
0,0,0,0,0,0,0,0,6,118,15,26,2021-04-16T23:00:00Z,PT30M
0,0,0,0,0,0,0,0,5,118,6,25,2021-04-16T23:30:00Z,PT30M
0,0,0,0,0,0,0,0,5,119,-2,23,2021-04-17,PT30M
0,0,0,0,0,0,0,0,5,118,-10,21,2021-04-17T00:30:00Z,PT30M
0,0,0,0,0,0,0,0,4,117,-19,19,2021-04-17T01:00:00Z,PT30M
0,0,0,0,0,0,0,0,4,115,-27,18,2021-04-17T01:30:00Z,PT30M
0,0,0,0,0,0,0,0,4,113,-34,18,2021-04-17T02:00:00Z,PT30M
0,0,0,0,0,0,0,0,4,110,-42,18,2021-04-17T02:30:00Z,PT30M
0,0,0,0,0,0,0,0,4,107,-49,18,2021-04-17T03:00:00Z,PT30M
0,0,0,0,0,0,0,0,4,103,-55,17,2021-04-17T03:30:00Z,PT30M
0,0,0,0,0,0,0,0,4,99,-61,17,2021-04-17T04:00:00Z,PT30M
0,0,0,0,0,0,0,0,4,95,-68,17,2021-04-17T04:30:00Z,PT30M
0,0,0,0,0,0,0,0,4,90,-74,16,2021-04-17T05:00:00Z,PT30M
34,39,11,6,40,0,71,26,4,86,-79,13,2021-04-17T05:30:00Z,PT30M
93,106,32,26,158,5,275,67,4,81,-85,11,2021-04-17T06:00:00Z,PT30M
165,185,58,62,259,4,422,103,4,76,-91,11,2021-04-17T06:30:00Z,PT30M
242,271,88,124,404,5,601,117,5,72,-97,9,2021-04-17T07:00:00Z,PT30M
315,355,114,165,424,4,654,149,6,67,-103,11,2021-04-17T07:30:00Z,PT30M
381,435,135,206,455,6,736,173,8,63,-110,12,2021-04-17T08:00:00Z,PT30M
431,510,144,207,392,4,751,222,8,58,-117,16,2021-04-17T08:30:00Z,PT30M
467,579,145,207,354,2,788,259,9,54,-124,18,2021-04-17T09:00:00Z,PT30M
491,640,139,192,307,2,835,299,9,51,-132,23,2021-04-17T09:30:00Z,PT30M
502,691,124,156,229,1,833,344,9,47,-141,26,2021-04-17T10:00:00Z,PT30M
504,730,108,130,184,1,865,373,9,45,-150,30,2021-04-17T10:30:00Z,PT30M
500,758,92,108,148,0,874,392,8,43,-161,34,2021-04-17T11:00:00Z,PT30M
494,775,77,95,128,0,878,397,8,42,-172,35,2021-04-17T11:30:00Z,PT30M
479,779,62,82,111,0,880,396,8,42,177,37,2021-04-17T12:00:00Z,PT30M
462,770,49,68,92,0,876,393,8,42,166,39,2021-04-17T12:30:00Z,PT30M
438,747,37,62,88,0,869,375,9,44,156,40,2021-04-17T13:00:00Z,PT30M
412,713,35,55,78,0,859,357,9,46,146,42,2021-04-17T13:30:00Z,PT30M
382,667,33,47,72,0,842,333,9,49,136,42,2021-04-17T14:00:00Z,PT30M
346,612,30,42,70,0,821,303,9,52,128,42,2021-04-17T14:30:00Z,PT30M
308,547,26,35,64,0,793,272,9,56,120,44,2021-04-17T15:00:00Z,PT30M
266,476,23,29,59,0,756,235,9,60,113,44,2021-04-17T15:30:00Z,PT30M
220,396,19,23,56,0,710,196,9,65,106,44,2021-04-17T16:00:00Z,PT30M
172,314,16,17,50,0,635,155,9,69,100,44,2021-04-17T16:30:00Z,PT30M
123,229,11,11,39,0,565,113,8,74,94,46,2021-04-17T17:00:00Z,PT30M
78,148,6,6,37,0,448,71,8,79,88,46,2021-04-17T17:30:00Z,PT30M
39,74,4,2,17,0,170,35,8,83,82,47,2021-04-17T18:00:00Z,PT30M
8,17,1,1,5,0,35,8,8,88,76,47,2021-04-17T18:30:00Z,PT30M
0,0,0,0,0,0,0,0,8,92,71,47,2021-04-17T19:00:00Z,PT30M
0,0,0,0,0,0,0,0,8,97,65,47,2021-04-17T19:30:00Z,PT30M
0,0,0,0,0,0,0,0,8,101,58,47,2021-04-17T20:00:00Z,PT30M
0,0,0,0,0,0,0,0,8,104,52,46,2021-04-17T20:30:00Z,PT30M
0,0,0,0,0,0,0,0,8,108,45,46,2021-04-17T21:00:00Z,PT30M
0,0,0,0,0,0,0,0,8,111,38,44,2021-04-17T21:30:00Z,PT30M
0,0,0,0,0,0,0,0,8,114,31,42,2021-04-17T22:00:00Z,PT30M
0,0,0,0,0,0,0,0,8,116,23,42,2021-04-17T22:30:00Z,PT30M
0,0,0,0,0,0,0,0,8,117,15,40,2021-04-17T23:00:00Z,PT30M
0,0,0,0,0,0,0,0,8,118,6,39,2021-04-17T23:30:00Z,PT30M
0,0,0,0,0,0,0,0,8,118,-2,39,2021-04-18,PT30M
0,0,0,0,0,0,0,0,8,118,-10,39,2021-04-18T00:30:00Z,PT30M
0,0,0,0,0,0,0,0,8,117,-19,39,2021-04-18T01:00:00Z,PT30M
0,0,0,0,0,0,0,0,8,115,-27,39,2021-04-18T01:30:00Z,PT30M
0,0,0,0,0,0,0,0,6,112,-34,39,2021-04-18T02:00:00Z,PT30M
0,0,0,0,0,0,0,0,6,110,-41,39,2021-04-18T02:30:00Z,PT30M
0,0,0,0,0,0,0,0,6,106,-48,39,2021-04-18T03:00:00Z,PT30M
0,0,0,0,0,0,0,0,6,103,-55,39,2021-04-18T03:30:00Z,PT30M
0,0,0,0,0,0,0,0,6,99,-61,40,2021-04-18T04:00:00Z,PT30M
0,0,0,0,0,0,0,0,6,94,-67,40,2021-04-18T04:30:00Z,PT30M
0,0,0,0,0,0,0,0,8,90,-73,40,2021-04-18T05:00:00Z,PT30M
25,42,2,2,11,0,58,23,8,85,-79,39,2021-04-18T05:30:00Z,PT30M
67,110,5,5,35,0,312,60,8,81,-85,39,2021-04-18T06:00:00Z,PT30M
114,190,9,11,50,0,445,103,8,76,-91,39,2021-04-18T06:30:00Z,PT30M
168,275,13,19,60,0,544,148,8,71,-97,39,2021-04-18T07:00:00Z,PT30M
220,357,17,30,78,0,670,189,8,67,-103,37,2021-04-18T07:30:00Z,PT30M
271,438,22,39,82,0,700,231,9,62,-109,37,2021-04-18T08:00:00Z,PT30M
316,515,25,46,86,0,764,271,11,58,-116,39,2021-04-18T08:30:00Z,PT30M
355,583,28,53,89,0,800,302,11,54,-124,39,2021-04-18T09:00:00Z,PT30M
388,644,32,53,84,0,814,335,11,50,-132,39,2021-04-18T09:30:00Z,PT30M
413,693,35,58,86,0,841,355,11,47,-141,39,2021-04-18T10:00:00Z,PT30M
431,733,37,56,78,0,844,373,11,44,-150,40,2021-04-18T10:30:00Z,PT30M
440,762,37,56,78,0,873,382,11,43,-161,42,2021-04-18T11:00:00Z,PT30M
440,779,39,51,68,0,867,388,11,41,-172,42,2021-04-18T11:30:00Z,PT30M
433,781,39,49,64,0,875,385,11,41,177,44,2021-04-18T12:00:00Z,PT30M
419,770,39,44,60,0,874,374,11,42,166,44,2021-04-18T12:30:00Z,PT30M
401,749,37,39,55,0,859,362,11,43,155,46,2021-04-18T13:00:00Z,PT30M
380,714,35,35,51,0,857,343,11,46,145,46,2021-04-18T13:30:00Z,PT30M
355,670,34,34,51,0,841,320,11,49,136,46,2021-04-18T14:00:00Z,PT30M
327,614,30,30,50,0,820,296,11,52,128,46,2021-04-18T14:30:00Z,PT30M
294,550,27,29,53,0,792,265,12,56,120,46,2021-04-18T15:00:00Z,PT30M
259,478,23,25,51,0,756,232,11,60,113,46,2021-04-18T15:30:00Z,PT30M
218,400,19,23,56,0,708,194,11,65,106,44,2021-04-18T16:00:00Z,PT30M
176,317,16,17,50,0,648,157,11,69,100,44,2021-04-18T16:30:00Z,PT30M
129,232,11,13,51,0,565,115,11,74,94,44,2021-04-18T17:00:00Z,PT30M
84,150,8,8,37,0,393,77,11,78,88,44,2021-04-18T17:30:00Z,PT30M
42,77,4,2,17,0,193,39,11,83,82,44,2021-04-18T18:00:00Z,PT30M
11,18,1,1,5,0,35,9,9,88,76,42,2021-04-18T18:30:00Z,PT30M
0,0,0,0,0,0,0,0,9,92,70,42,2021-04-18T19:00:00Z,PT30M
0,0,0,0,0,0,0,0,9,96,64,42,2021-04-18T19:30:00Z,PT30M
0,0,0,0,0,0,0,0,8,100,58,39,2021-04-18T20:00:00Z,PT30M
0,0,0,0,0,0,0,0,8,104,52,39,2021-04-18T20:30:00Z,PT30M
0,0,0,0,0,0,0,0,8,108,45,37,2021-04-18T21:00:00Z,PT30M
0,0,0,0,0,0,0,0,8,111,38,35,2021-04-18T21:30:00Z,PT30M
0,0,0,0,0,0,0,0,8,113,30,35,2021-04-18T22:00:00Z,PT30M
0,0,0,0,0,0,0,0,8,115,23,34,2021-04-18T22:30:00Z,PT30M
0,0,0,0,0,0,0,0,8,117,15,33,2021-04-18T23:00:00Z,PT30M
0,0,0,0,0,0,0,0,8,118,6,32,2021-04-18T23:30:00Z,PT30M
0,0,0,0,0,0,0,0,8,118,-2,30,2021-04-19,PT30M
0,0,0,0,0,0,0,0,8,117,-10,30,2021-04-19T00:30:00Z,PT30M
0,0,0,0,0,0,0,0,8,116,-19,30,2021-04-19T01:00:00Z,PT30M
0,0,0,0,0,0,0,0,8,114,-27,29,2021-04-19T01:30:00Z,PT30M
0,0,0,0,0,0,0,0,8,112,-34,29,2021-04-19T02:00:00Z,PT30M
0,0,0,0,0,0,0,0,8,109,-41,29,2021-04-19T02:30:00Z,PT30M
0,0,0,0,0,0,0,0,8,106,-48,30,2021-04-19T03:00:00Z,PT30M
0,0,0,0,0,0,0,0,8,102,-55,30,2021-04-19T03:30:00Z,PT30M
0,0,0,0,0,0,0,0,8,98,-61,30,2021-04-19T04:00:00Z,PT30M
0,0,0,0,0,0,0,0,8,94,-67,32,2021-04-19T04:30:00Z,PT30M
1,2,0,0,0,0,5,1,8,90,-73,33,2021-04-19T05:00:00Z,PT30M
30,46,2,2,17,0,75,27,8,85,-79,33,2021-04-19T05:30:00Z,PT30M
75,114,5,9,58,0,341,66,8,81,-85,34,2021-04-19T06:00:00Z,PT30M
128,193,9,18,78,0,475,108,8,76,-91,34,2021-04-19T06:30:00Z,PT30M
184,279,13,29,92,0,565,154,8,71,-97,34,2021-04-19T07:00:00Z,PT30M
239,362,17,44,113,0,682,196,8,67,-103,34,2021-04-19T07:30:00Z,PT30M
296,441,22,58,125,0,710,238,9,62,-109,33,2021-04-19T08:00:00Z,PT30M
